{
  "fitted_params": {
    "alpha": 2.1815800246129807e+203,
    "beta": 40.69157636621561,
    "gamma": -31.213501849661093
  },
  "csr_mean_overall": 0.008205019749456895,
  "csr_mean_pre1990": 0.015482218567085778,
  "csr_mean_post1990": 0.00011924328542479949,
  "csr_improvement": -99.22980492163892,
  "population_growth": 3.5228532306464224,
  "creators_growth": 6.068663218914023
}